{"batch/loss": 0.9266732335090637, "batch/gpdmetric": 0.7432539463043213, "batch/batch_step": 3567, "batch/learning_rate": 9.999999747378752e-05, "_timestamp": 1674116649.7629132, "_runtime": 1466.4517061710358, "_step": 90830, "epoch/loss": 0.9305370450019836, "epoch/gpdmetric": 0.7421864867210388, "epoch/val_loss": 0.9207532405853271, "epoch/val_gpdmetric": 0.7185705304145813, "epoch/epoch": 14, "epoch/learning_rate": 9.999999747378752e-05, "_wandb": {"runtime": 1442}}