{"batch/loss": 0.8938918113708496, "batch/gpdmetric": 0.7756519317626953, "batch/batch_step": 22299, "batch/learning_rate": 9.999999747378752e-05, "_timestamp": 1674124204.0879593, "_runtime": 6462.543131351471, "_step": 44799, "epoch/loss": 0.8938918113708496, "epoch/gpdmetric": 0.7756519317626953, "epoch/val_loss": 0.9170040488243103, "epoch/val_gpdmetric": 0.7664814591407776, "epoch/epoch": 99, "epoch/learning_rate": 9.999999747378752e-05}