{"batch/loss": 0.011489436030387878, "batch/gpdmetric": 0.9948441386222839, "batch/batch_step": 5559, "batch/learning_rate": 9.999999747378752e-05, "_timestamp": 1674044718.9703798, "_runtime": 398.054230928421, "_step": 5560, "epoch/loss": 0.05943942442536354, "epoch/gpdmetric": 0.9620321989059448, "epoch/val_loss": 0.0102500319480896, "epoch/val_gpdmetric": 0.9958527088165283, "epoch/epoch": 0, "epoch/learning_rate": 9.999999747378752e-05, "_wandb": {"runtime": 390}}