{"batch/loss": 15.186089515686035, "batch/gpdmetric": 0.7773371338844299, "batch/batch_step": 22299, "batch/learning_rate": 9.999999747378752e-05, "_timestamp": 1674059606.7939422, "_runtime": 3119.362053155899, "_step": 30712, "epoch/loss": 15.186089515686035, "epoch/gpdmetric": 0.7773371338844299, "epoch/val_loss": 15.589920997619629, "epoch/val_gpdmetric": 0.7687707543373108, "epoch/epoch": 99, "epoch/learning_rate": 9.999999747378752e-05}