{"batch/loss": -7.168588161468506, "batch/gpdmetric": 5.407646656036377, "batch/batch_step": 1391, "batch/learning_rate": 9.999999747378752e-05, "_timestamp": 1674056447.4972146, "_runtime": 5037.961928606033, "_step": 37352, "epoch/loss": -1.586928129196167, "epoch/gpdmetric": 2.3022584915161133, "epoch/val_loss": -2.1591670513153076, "epoch/val_gpdmetric": 1.3918431997299194, "epoch/epoch": 0, "epoch/learning_rate": 9.999999747378752e-05, "_wandb": {"runtime": 1235}}