{"batch/loss": 0.8940649628639221, "batch/gpdmetric": 0.776613175868988, "batch/batch_step": 22299, "batch/learning_rate": 9.999999747378752e-05, "_timestamp": 1674147012.4387734, "_runtime": 922.9133412837982, "_step": 22399, "epoch/loss": 0.8940649628639221, "epoch/gpdmetric": 0.776613175868988, "epoch/val_loss": 0.9169704914093018, "epoch/val_gpdmetric": 0.7640786170959473, "epoch/epoch": 99, "epoch/learning_rate": 9.999999747378752e-05}