{"batch/loss": 0.009986991062760353, "batch/gpdmetric": 0.9954456090927124, "batch/batch_step": 25055, "batch/learning_rate": 9.499998850515112e-05, "_timestamp": 1674045188.3581564, "_runtime": 424.4683723449707, "_step": 25063, "epoch/loss": 0.01000401470810175, "epoch/gpdmetric": 0.9954372644424438, "epoch/val_loss": 0.009549366310238838, "epoch/val_gpdmetric": 0.9955927729606628, "epoch/epoch": 7, "epoch/learning_rate": 9.499998850515112e-05, "_wandb": {"runtime": 421}}