{"batch/loss": 0.8927936553955078, "batch/gpdmetric": 0.777780294418335, "batch/batch_step": 22299, "batch/learning_rate": 0.0010000000474974513, "_timestamp": 1674117063.0695524, "_runtime": 358.2924313545227, "_step": 22399, "epoch/loss": 0.8927936553955078, "epoch/gpdmetric": 0.777780294418335, "epoch/val_loss": 0.9171661734580994, "epoch/val_gpdmetric": 0.7720239162445068, "epoch/epoch": 99, "epoch/learning_rate": 0.0010000000474974513, "_wandb": {"runtime": 350}}